{"game_id": "97a25fb2-e8fa-4920-a3be-121058a5362d", "timestamp": 1773650207.5413156, "board": [[0, 0, 0, 0, 0, 0, 0, 0, 0], [0, 0, 0, 0, 0, 0, 0, 0, 0], [0, 0, 0, 0, 0, 0, 0, 0, 0], [0, 0, 0, 0, 0, 0, 0, 0, 0], [0, 0, 0, 0, 0, 0, 0, 0, 0], [0, 0, 0, 0, 0, 0, 0, 0, 0], [0, 0, 0, 0, 0, 0, 0, 0, 0], [0, 0, 0, 2, 0, 0, 0, 0, 0], [0, 0, 2, 1, 1, 0, 0, 0, 0]], "current_player": 1, "mode": 1, "winner": null, "move_history": [[8, 3, 1], [7, 3, 2], [8, 4, 1], [8, 2, 2]], "ai_type": "minimax", "ai_depth": 3, "last_confidence": 0.5700000000000001, "last_minimax_scores": {"0": 1000.0, "1": 1000.0, "2": 14.0, "3": 1000.0, "4": 1000.0, "5": 18.0, "6": 1000.0, "7": 1000.0, "8": 1000.0}}